{
  "model": {
    "psnr": {
      "mean": 24.64394404047691,
      "std": 3.3965253870304815,
      "min": 16.811385355459237,
      "max": 31.472298540516586,
      "median": 25.082450513215377
    },
    "ssim": {
      "mean": 0.7055573830171447,
      "std": 0.09694849493290301,
      "min": 0.3955374558151424,
      "max": 0.8387811468889639,
      "median": 0.732035128873284
    },
    "nmse": {
      "mean": 0.08871924728155137,
      "std": 0.1772475910087444,
      "min": 0.018646609038114548,
      "max": 0.8423417210578918,
      "median": 0.03678211197257042
    }
  },
  "baseline": {
    "psnr": {
      "mean": 23.239938630816997,
      "std": 3.330192037505349,
      "min": 16.811533852382492,
      "max": 28.74630581604343,
      "median": 23.768938011930324
    },
    "ssim": {
      "mean": 0.6587776711494158,
      "std": 0.13813801017817806,
      "min": 0.35069983163877505,
      "max": 0.8945101871800423,
      "median": 0.6881660150204301
    },
    "nmse": {
      "mean": 0.11428268570452929,
      "std": 0.1370676280674445,
      "min": 0.008729355409741402,
      "max": 0.524508535861969,
      "median": 0.06053435243666172
    }
  },
  "improvement": {
    "psnr_db": 1.4040054096599128,
    "ssim": 0.04677971186772889,
    "nmse": -0.025563438422977924
  },
  "num_samples": 20,
  "use_residual": true,
  "timestamp": "2026-02-02T20:09:57.249891"
}